index,filename,sha256
1,001_J_S_Bach_Prelude_No_1.mxl,7179b0aa86707cc2e6db004c30c5b94713b1cb0d201a58d4d70197be6311f974
2,002_J_S_Bach_Prelude_No_2.mxl,e13adf687ff1b80ff801c34aa72fc4ac66312c58663364c4ac5d3bfc9aa4dc11
3,003_J_S_Bach_Prelude_No_3.mxl,b736479ee227f5e475c779a4009fb91d1c340e688855c9a42adf3f4f374fa7a1
4,004_J_S_Bach_Prelude_No_4.mxl,3a8471d25c3f71a71af2de19f351c95f945d3de4fb919b4c7ef92bc4149855a0
5,005_J_S_Bach_Prelude_No_5.mxl,a522bed78e8d045b803d65167271668defc5a106e6aaace9d7c354e46d316f53
6,006_J_S_Bach_Prelude_No_6.mxl,4de7ea61b6c90bc231923c926cf8a36ecd2b2aa2829c4d5bdb5e05f336e037f1
7,007_J_S_Bach_Prelude_No_7.mxl,a8e386216eb89a14ed73c94c6c1d0bee0903345e4478d6f3e71340df3c1598ac
8,008_J_S_Bach_Prelude_No_8.mxl,d927e102dcaedd7b26b48a8ee1a9f342d39fdaa0950baa409282a07dd2f2acf5
9,009_J_S_Bach_Prelude_No_9.mxl,d581caa7ff81c4b0b78dbf57de49b869ad414594963ef50e7e37c0699abd166b
10,010_J_S_Bach_Prelude_No_10.mxl,a36f889320af6ac986cb4e3b091d4d7edc1662d4fa0bb2e15f7ec68fa7ce483a
11,011_J_S_Bach_Prelude_No_11.mxl,31d8c498130cec13966cfb800d57916b58dbc547ff5c5972a013f2fe0d3df981
12,012_J_S_Bach_Prelude_No_12.mxl,6cf694fcedb9cf1672568da5da04dc23258e72176b9991d1c1777ce0306c49be
13,013_J_S_Bach_Prelude_No_13.mxl,9c2fae600646832ccf1fa93898630bd14848c2c4dcfe9fc08d5a097a3f8d955e
14,014_J_S_Bach_Prelude_No_14.mxl,9db2438ae5f5c0ec5e5fa16baad917a3ed910285de1e3c804bdfbb20aed74150
15,015_J_S_Bach_Prelude_No_15.mxl,528ec9142b332ab231630ed0a293ba80b3b02f35b1517bb78daabbd880a0ae69
16,016_J_S_Bach_Prelude_No_16.mxl,e40a89fd3e861255d533e68092c9b1fc36109e7c4107fa0628b7700667c5e576
17,017_J_S_Bach_Prelude_No_17.mxl,b6f2da42a3c58519b20ad1a60c553a16e2e87b56f4852edd65d6794f944004e4
18,018_J_S_Bach_Prelude_No_18.mxl,fc5b861696722069884752d6b3f2e528ff463b9848a4e10f5173705e03fcd8ef
19,019_J_S_Bach_Prelude_No_19.mxl,a9b989b0cceea6f2ccde4c26d4a84ee9401a74e10599ae03046418ebda14ccc3
20,020_J_S_Bach_Prelude_No_20.mxl,1a871d8cf5ef2ed50953fb4ea0e7acbf80ff29962f1ffeb445cf12288475de03
21,021_J_S_Bach_Prelude_No_21.mxl,d19aeaca89172737c297dfacd8e64d1e76f34f73a6547631d5e48953f81528df
22,022_J_S_Bach_Prelude_No_22.mxl,0a1484babd7a9fbb0ab3630c4f6c7b2d7febb1adf192fd866236f30466b313f8
23,023_J_S_Bach_Prelude_No_23.mxl,26162fa3884931608a838061bed1bb74be76fd7ec5822dee5292aa08692e043a
24,024_J_S_Bach_Prelude_No_24.mxl,8fb64fe411963a27de13caaef4b62af3c27dbba756394ed96edd1e9d6154219d
25,025_Fr_d_ric_Chopin_Prelude_Op_28_No_20_in_c_minor.mxl,edb31d42097fdd3cef44a4e701d890810dc63aad62d33ce75d400f41acadd28c
26,026_Fr_d_ric_Chopin_tude_Op_10_No_1_in_C_major.mxl,0bf630276e1848e544286ede0eafa68b3ea4ba1bb2fd18ee0cf5fe61405c64b8
27,027_Fr_d_ric_Chopin_tude_Op_10_No_12_in_C_minor.mxl,005eec6ffbf8e3b5dddb8cc939f7dcb52dd10ce12ddf65118f10acdb11534bae
28,028_M_lanie_Bonis_1858_1937_Allons_prier.mxl,47a3d679b6dc2099590edf1a4ef480ae75eb754c93281f852a25d3192792cb71
29,029_Johannes_Brahms_6_Songs_Op_3_3_Liebe_und_Fr_hling_II.mxl,9cc173cdb042bfbc9beecb06f5ff212fcc8bff7fed4aa3686b5df2dc7c8a7dd9
30,030_Johannes_Brahms_7_Lieder_Op_48_3_Liebesklage_des_M_dchens.mxl,f30e0e3ef0425168da1f2cb230d76ba1bc9b7c689e0cbd07ef2fe45f623ade98
31,031_Brahms.mxl,bc98f0fe009d105bb8572ae2b537947f40fe0fffa36cb0601eeb5100134d9b59
32,032_Brahms.mxl,b1a943ce19551f8b9451a164349f9a973cfaaae51b4f8f7911455ee2baca377d
33,033_Brahms.mxl,02e193e96dbfc812b2035731c3db5dfd55919965a29a63e68310fa6b6590ddde
34,034_Brahms.mxl,31ad7fc3951f53470fdd7037bbf265c8c3c8c2d8ef44af77c8e35bcc2e40a62f
35,035_Brahms.mxl,47f9224de01eb48d23bfa27f0bb9c9f965699a08bd8706ae761255d6e4b174a4
36,036_Brahms.mxl,1c4e2098346df229d62e1b5112230acd7e2ec6504ce1d2d32f5d989deb4d6cab
37,037_Brahms.mxl,531ae8df930abf37124726cc928888590fa2092996cf16e6b737bc1779ce1119
38,038_Harry_Thacker_Burleigh_5_Songs_of_Laurence_Hope_No_2_The_Jungle_.mxl,527b9d9ba028eaef946414bab5f576f4df60f12f045d17e724502045c2ff03fb
39,039_Harry_Thacker_Burleigh_5_Songs_of_Laurence_Hope_No_5_Till_I_Wake.mxl,7b9de0cc0717f96d46de5e01fdfa0a9837a4f02168b6c551c40399c05cbfb4c9
40,040_C_cile_Chaminade_Amoroso.mxl,0334583d6e12074b4a78719e9a5b678e3952621b092482b295e293412c8095c3
41,041_C_cile_Chaminade_Berceuse.mxl,04c8cd741e2f845187d8d25da5622c8dca6da4a3dfc8f74ae3a804fd588f4c24
42,042_C_cile_Chaminade_Sur_la_plage.mxl,52267c35e6cd2ce284b19e2deb65533b2b7143e3a91ff3d81975769ffb5c43c8
43,043_Ernest_Chausson_7_M_lodies_Op_2_7_Le_Colibri.mxl,50720573d3dd2a11b91f7c3e4e0602f172a856cc08aeaa50a1ba8ec596f8f3b4
44,044_Samuel_Coleridge_Taylor_6_Sorrow_Songs_Op_57_No_1_Oh_what_comes_.mxl,2c79d255c07d021a6908c26b4aecec0426893337492fc76246d942fea6741b0b
45,045_Samuel_Coleridge_Taylor_6_Sorrow_Songs_Op_57_No_2_When_I_am_dead.mxl,87cb8c0a67df2aa2a014d7ffd2b3fbfc79a77d54b7d8c9d66334f43f8724aaef
46,046_Samuel_Coleridge_Taylor_6_Sorrow_Songs_Op_57_No_3_Oh_Roses_for_t.mxl,95c71eb9afb24a6da124ad0b8db7c56ec50880065f0fb11f93d50a84b82c5ec5
47,047_Samuel_Coleridge_Taylor_6_Sorrow_Songs_Op_57_No_4_She_sat_and_sa.mxl,44f889a3a24f07bae057cbd7cdac7043fb1c66c435c87a3427ca53160f701012
48,048_Samuel_Coleridge_Taylor_6_Sorrow_Songs_Op_57_No_5_Unmindful_of_t.mxl,328b60207fe859f78ffe03e7591e146ec6598d230b176e2696f2b96dc3125bb2
49,049_Samuel_Coleridge_Taylor_6_Sorrow_Songs_Op_57_No_6_Too_late_for_l.mxl,f5532633a34960125ee40be477029686454b414cce74069f66ca945541216a33
50,050_S_Coleridge_Taylor_Oh_the_Summer.mxl,9783dca22e5e92698042ca516d0f9f63952a85e4d63a5af90607c46dbc8069d2
51,051_Robert_Franz_6_Ges_nge_Op_14_5_Liebesfr_hling.mxl,4a9e5724da574861e2fa9e27111d37a7e398ed9535f728720ac852206548bdb1
52,052_Fanny_Mendelssohn_Hensel_3_Lieder_No_1_Sehnsucht.mxl,007bb104dadbeb92fe868cd5492016794f252ff59ff64b1b72a4fc4f9946d63a
53,053_Fanny_Mendelssohn_Hensel_3_Lieder_No_2_Verlust.mxl,f09e187817a1a90f7c5201d5de1eeaa993924190448b9eb7c4daa119b6620891
54,054_Fanny_Mendelssohn_Hensel_3_Lieder_No_3_Die_Nonne.mxl,a4e836876f8b5a8a77f4c146f65d7ef819c9a818dac2dfacd1e46361cdae1531
55,055_Fanny_Mendelssohn_Hensel_5_Lieder_Op_10_No_1_Nach_S_den.mxl,4ab204b2d38435180646fe1a5a4b0ead696c925bd4a6f9b19bce2ffb9799536e
56,056_Fanny_Mendelssohn_Hensel_5_Lieder_Op_10_2_Vorwurf.mxl,2c6f32b85dec09b98508d74f34154e54cce9270f1d840416028ae47f679ae1db
57,057_Fanny_Mendelssohn_Hensel_5_Lieder_Op_10_No_3_Abendbild.mxl,6a4d978619896cb7d1fd36ed9531c00f29408bba3148865076b51c4fb75192d2
58,058_Fanny_Mendelssohn_Hensel_5_Lieder_Op_10_No_4_Im_Herbste.mxl,ed4bab232f720f9b343a8a550cfa81b6c857e7f97dba777d393905fb59b33b01
59,059_Fanny_Mendelssohn_Hensel_5_Lieder_Op_10_No_5_Bergeslust.mxl,1f2ba6d957f740930a2a694cb43a68bb33563ce1d9a8d0e3304ea3073440f647
60,060_Fanny_Mendelssohn_Hensel_6_Lieder_Op_1_No_1_Schwanenlied.mxl,e15d3d70c64ff9169037321e664c5b59f6b0ac81f7af84668a1a53fc0573bbfc
61,061_Fanny_Mendelssohn_Hensel_6_Lieder_No_2_Wanderlied.mxl,d33d2b7c06933fe27214d440e890cf62877d10a517e1bc4bec41da3e44ef80f6
62,062_Fanny_Mendelssohn_Hensel_6_Lieder_Op_1_No_3_Warum_sind_denn_die_.mxl,cf529e2e60d540cab1efb4de02c2693da929e86a6be902d90347f58f022ff0fc
63,063_Fanny_Mendelssohn_Hensel_6_Lieder_Op_1.mxl,597f67d712da2e51fd3aa089b21643a4e7cb0630def5acbd4ae1af0bbf09b3ce
64,064_Fanny_Mendelssohn_Hensel_6_Lieder_Op_1.mxl,0f42731c66ce144a7b0b2e6b4faca3f8d42f9d70ebf1fb561272906698a690b9
65,065_Fanny_Mendelssohn_Hensel_6_Lieder_Op_1_No_6_Gondellied.mxl,89c13c9e12a73931ce0648f1c3fb4e907c4676ef04892345eb93df8d0aed06f7
66,066_Fanny_Mendelssohn_Hensel_6_Lieder_No_1_Die_Ersehnte.mxl,fa24e8157900582b36e42bd1d8d9dfdf5f275e93c607b48fa57cdb7f8b302e52
67,067_Fanny_Mendelssohn_Hensel_6_Lieder_Op_9_No_2_Ferne.mxl,8626ca8f5c305c5bdfe01d7c3b6ab399014349aff826e1aa64f3d3ccd893441f
68,068_Fanny_Mendelssohn_Hensel_6_Lieder_Op_9_No_3_Der_Rosenkranz.mxl,a4d6bc515b4c47b3300424ef29dccd252a68f58c80f56b2deb4de02fcc575996
69,069_Fanny_Mendelssohn_Hensel_6_Lieder_No_4_Die_fr_hen_Gr_ber.mxl,804bd74949a79248ed8d0ec2920d073bfaa32001bc50541ac5d50eb16b83383a
70,070_Fanny_Mendelssohn_Hensel_6_Lieder_Op_9_No_5_Der_Maiabend.mxl,7b948fb69135c1205c5d6366a38b6ea85bfa22303e804eee1442c52f6162b3dc
71,071_Fanny_Mendelssohn_Hensel_6_Lieder_Op_9_No_6_Die_Mainacht.mxl,db049687c9e6b25fd739740c81f36e33cdf8127469b0c023c262c20bebcf3dab
72,072_Holm_s_Augusta_Contes_divins_No_3_Le_Chemin_du_Ciel.mxl,eb0b50656ce057cbe0937c584737b6e094cd5e3486a369555ada68232904e6e9
73,073_Augusta_Holm_s_Les_Heures_No_4_L_Heure_d_Azur.mxl,cfefabe314d48a63bff19237da36ef1cdfb61c723702ac146b8fb44ebdb30824
74,074_Marie_Ja_ll_4_M_lodies_No_1_A_toi.mxl,20755d2568e5211c6b23a43e839a93d8edfe630155aae9132aba281ff53b36b7
75,075_Marie_Ja_ll_4_M_lodies_No_2_Eternel_amour.mxl,0f7199077f44737b931ef347798ebc1fd11b3469e53a2d7937013e615f738987
76,076_Johanna_Kinkel_originally_published_under_the_name_J_Mathieux_6_.mxl,94b33456effe04af740f5e54f53f227d4b82f02067d469c6028359848c2a509f
77,077_Johanna_Kinkel_1846_edition_originally_published_under_the_name_.mxl,089219da5708f9f11b2cdfbb3acd86cb2a352388970e500fa4690841a8b19c01
78,078_Mathilde_Kralik_Mathilde_Aloisia_Kralik_von_Meyrswalden_Blumenli.mxl,5406750d1bc28a85bc67c0f0293f1dcdf45d77384539070af114a25b70233204
79,079_Josephine_Lang_3_Lieder_Op_8_No_1_Schmetterling.mxl,70fb030723df9533479a51c0a7570913a6bd356b64a979d629ea8e363227dee2
80,080_Josephine_Lang_6_Lieder_Op_10_No_6_Abschied.mxl,92585a8ae4bde150c431a9fa56cb7f51b10659aac3497f79771c623c03762d07
81,081_Josephine_Lang_6_Lieder_Op_12_No_3_Abermals_am_See.mxl,b01db3feb57cdd1064cfa552221e916371586fb7ddd3d2b5ba85ef178b97b656
82,082_Josephine_Lang_6_Lieder_Op_13_No_3_Aus_der_Ferne.mxl,1cfb71d1d9883c22ef7b8c525f70864fe2cb80d1321df80ac61e5b7dfd6c7938
83,083_Josephine_Lang_Sechs_Lieder_Op_25_4_Lied_Immer_sich_rein_kindlic.mxl,3a47251af71cb8392ec1de9328afc9f9d06b221cc803e2d7a3674e39acc78d76
84,084_Josephine_Lang_6_Lieder_Op_26_No_1_Wiegenlied.mxl,48c521b2064511923792aa52f4a283b418293f3cfc9442b57385ddae8dd718d6
85,085_Gustav_Mahler_Kindertotenlieder_No_2_Nun_seh_ich_wohl_warum_so_d.mxl,72278536c809fc226a886190ef385437442543043c2aa9faaa20030e862352c8
86,086_Gustav_Mahler_Kindertotenlieder_No_4_Oft_denk_ich_sie_sind_nur_a.mxl,bab26c75e4b6d048cc4af9bf14b86f17ba08c928d6c87c0c9163ca73d4bd3e63
87,087_Emilie_Mayer_3_Lieder_Op_7_No_1_Du_bist_wie_eine_Blume.mxl,c5d02fe0ac1b196bcba6cbafb35ebba0d45c12f7bc8804e23effa845851878d3
88,088_Emilie_Mayer_3_Lieder_Op_7_No_2_O_lass_mich_dein_gedenken.mxl,3f58fb55bca0bac070f378fe9b6be94370051ca131cd413d3a6b4dc3edb57a97
89,089_Emilie_Mayer_3_Lieder_Op_7_No_3_Wenn_der_Abendstern_die_Rosen.mxl,dbfaff005ad7b440949e681488ef6e150b904e0d08a5fc4accb985510b2d7716
90,090_Maria_Theresia_von_Paradis_12_Lieder_1786_alternative_title_Zw_l.mxl,29d3f63a0cc405871cbf82b4a7671d7a1e42e458eeeca17bb48890f1dbc07281
91,091_Louise_Reichardt_Sechs_Lieder_von_Novalis.mxl,2c21bfb3a644571c678af79ebc23f6b85e81dc0b446c75341d24b8c758739684
92,092_Louise_Reichardt_Sechs_Lieder_von_Novalis_Op_4_5_Noch_ein_Bergma.mxl,980651c3f31d996825b1c2478585bdb5b638240fbc5bc85a82dbe416afe16a45
93,093_Louise_Reichardt_Sechs_Lieder_von_Novalis_No_6_Er_besucht_den_Kl.mxl,10af65889c65dfff96f56dca92c52ff718ec366d378da9065561e294c8149fac
94,094_Louise_Reichardt_12_Deutsche_und_Itali_nische_Romantische_Ges_ng.mxl,7b8d770725f7abea6cfce0eea441ba39445c1ca907ac1774b3d223e18c8c5ff8
95,095_Louise_Reichardt_12_Deutsche_und_Itali_nische_Romantische_Ges_ng.mxl,0c7e101381122ee3ba9fe4acec9f1f013ddc5ac345d08e33b30483a564f5a36c
96,096_Louise_Reichardt_Zw_lf_Deutsche_und_Itali_nische_Romantische_Ges.mxl,348746cd28a3bad7f48c2bd3f1fc019ab598a344ea2ad7961839021d20b89653
97,097_Louise_Reichardt_Zw_lf_Deutsche_und_Itali_nische_Romantische_Ges.mxl,9579bef562adb771cd8260cb1c3cdf62813672f62415d2a3844bf1c1c6bda04a
98,098_Louise_Reichardt_Zw_lf_Deutsche_und_Itali_nische_Romantische_Ges.mxl,bcb1a273668be0f6f45df7d3b53a14f0ddd7c7098b411bffa1cd7feba4651b7a
99,099_Louise_Reichardt_Zw_lf_Ges_nge_Op_3_No_1_Fr_hlingsblumen.mxl,7d28ede09ae7887e57ca5c4ccfdc136a9430573f17c9880b13631b30289ab620
100,100_Louise_Reichardt_Zw_lf_Ges_nge_Op_3_No_2_Der_traurige_Wanderer.mxl,93df18f681e90ae03e1f95cc250ae69d1e0db029dbf43f0ecd20b582976d8796
101,101_Louise_Reichardt_Zw_lf_Ges_nge_No_3_Die_Blume_der_Blumen.mxl,7fc80236345cf167403b6f3308e92be771a1263546d03ab3adc09a4b6dbfcb01
102,102_Louise_Reichardt_Zw_lf_Ges_nge_Op_3_No_4_Wachtelwacht.mxl,dcee3b3732255f49fd9aa3962cb93931452c1e093a0df867a39ad7110074b81c
103,103_Louise_Reichardt_Zw_lf_Ges_nge_No_5_Betteley_der_V_gel.mxl,269ce173c4436563f6ad3a92ace293c6902a1c6189af769cfc35feb1aeb56f30
104,104_Louise_Reichardt_Zw_lf_Ges_nge_Op_3_No_6_Kriegslied_des_Mays.mxl,fec327220640ffa8c2f9d4abe53b89f0841504de60714522cbcf5277c3b69bfd
105,105_Louise_Reichardt_Zw_lf_Ges_nge_No_7_Die_Wiese.mxl,d731ee235b4b26d410a41d442768b64a8e389504366bb2495ee2c1f0446722e9
106,106_Louise_Reichardt_Zw_lf_Ges_nge_Op_3_No_8_Kaeuzlein.mxl,ae44aa24fec00d6576392d7c7bf5db87c89c80fe4f6ac55a639a44bb157067e4
107,107_Louise_Reichardt_Zw_lf_Ges_nge_Op_3_No_9_Hier_liegt_ein_Spielman.mxl,8816f1b7a59e3cb48feb1f67e7967c6b7940de5e1f4a52bb6b4a633ad1ce9fa0
108,108_Louise_Reichardt_Zw_lf_Ges_nge_Op_3_No_10_Der_Mond.mxl,942c216343fb7e4e3477d138796fdae9c0875108ab5db9effdfe4422e6ba743c
109,109_Louise_Reichardt_Zw_lf_Ges_nge_No_11_An_Maria_aus_Novalis_geistl.mxl,03a648131f48c70c05b0cee7a994366076591698085a0589ccba2cf188a39ed0
110,110_Louise_Reichardt_Zw_lf_Ges_nge_Op_3_No_12_Duettino.mxl,4ef7ca49eb522030ab436b1613610b557f21236f6c5a2b5e75ea5f82452daeb8
111,111_Louise_Reichardt_Zw_lf_Ges_nge_No_1_Erinnrung_am_Bach.mxl,47c4e5e6b6143857fd9b0f6865d1ecaabe032078e37e89e219125617b194d2cb
112,112_Louise_Reichardt_Zw_lf_Ges_nge_No_2_Der_S_nger_geht.mxl,72dfcc9a137c9b5d3b30c2d3c2e2de741ec1f31cdd246891010b5b4f306c74dc
113,113_Louise_Reichardt_Zw_lf_Ges_nge_No_3_Nach_Sevilla.mxl,53f34cd1216b353dc7895237c96f1a6b83329e8b0a3e427958078c4fe33630ca
114,114_Louise_Reichardt_Zw_lf_Ges_nge_No_4_Vaters_Klage.mxl,7f5de618c492f0e3b4536b0979509922fa5f9dcf098ee12b69bc90f9cd1eb15c
115,115_Louise_Reichardt_Zw_lf_Ges_nge_No_5_F_r_die_Laute_componirt.mxl,f0cdbceb80ab546fe21ab0ac774533790c50d12b87001d9e92e955ac83ce2f98
116,116_Louise_Reichardt_Zw_lf_Ges_nge_No_6_Unruhiger_Schlaf.mxl,cbd8a08596415a3bf14ae12391f67fa5dd9d9a3400a24732aca0d087d80947b5
117,117_Louise_Reichardt_Zw_lf_Ges_nge_No_7_Volkslied.mxl,fbb75d101f2580c0e9500bba0c11313e68d0bfe048562c8eada7b4f2811ea16d
118,118_Louise_Reichardt_Zw_lf_Ges_nge_No_8_Ein_recht_Gem_th.mxl,3d16818f3a2931fe9099f476f72dc8469f6f2158d057a3d6f098defc54af4278
119,119_Louise_Reichardt_Zw_lf_Ges_nge_No_9_Der_Spinnerin_Nachtlied.mxl,2f868532bdf87fd0b1aa12300f2788b555cfe24554c0fcecbe97fa24d5f22bf2
120,120_Louise_Reichardt_Zw_lf_Ges_nge_No_10_Die_Veilchen.mxl,e95ab5e9841bfdcdbffd3593d0627c667945e2a33c8888f279178dbb7556cdf9
121,121_Louise_Reichardt_Zw_lf_Ges_nge_No_11_Daphne_am_Bach.mxl,3c9f0f8364ee2a11be2f8003a47dcde69d03c64b5ec577e0f6896a5435303e64
122,122_Schubert_Die_Sterne_Op_96_No_1_D_939.mxl,ddf371050e7c060b0c6995ea1396cb194bca8695bbfea4d6b0895d7373fb65b7
123,123_Franz_Schubert_Das_Rosenband.mxl,9c1ae71fb22db997d9513813be1a261764cbb9cc8b8ac689111f1b4d63a7638c
124,124_Franz_Schubert_Die_sch_ne_M_llerin_D_795_No_1_Das_Wandern.mxl,5ed3494557a252ff4c343590d9ffb0a648c6efc543e8eb980a162994eb92d406
125,125_Franz_Schubert_Die_sch_ne_M_llerin_No_2_Wohin.mxl,108dc81ac31ac2155904a965f7c50f9b787026c89299fb32c345c1c6c55b1a3f
126,126_Franz_Schubert_Die_sch_ne_M_llerin_D_795_12_Pause.mxl,d17877bd28c5c7c62d8bb793739520f13c0e15c17b6b37f058791867cdfbeb5b
127,127_Franz_Schubert_Die_sch_ne_M_llerin_D_795_No_18_Trockne_Blumen.mxl,5b48d196bb91569df7508f9176d25fd5f88c9a3dec87c0004ae6d25c760f48f3
128,128_work_128.mxl,891575960407e0cbf4b343e4603e76cf7cf4375d92bb2ba66539e68f96d9c43a
129,129_Franz_Schubert_Op_59_No_3_Du_bist_die_Ruh.mxl,c59b0759332ef0dd373c8f90b5e991319366de18f27aa37d5d005a8eeab2dcf8
130,130_Franz_Schubert_Schwanengesang_D_957_No_1_Liebesbotschaft.mxl,400afdf2388ebbe11277d2d55306d4c74ab40f0f2ad9755d446c893e6fc7c8d3
131,131_Franz_Schubert_Schwanengesang_D_957_No_2_Kriegers_Ahnung.mxl,3bd83ad8751b9f6ae368d839ce10e7cdac774b449b503a6233120ba524829f2c
132,132_Franz_Schubert_Schwanengesang_No_3_Fr_hlingssehnsucht.mxl,c10f89824ada07eb34b73f0c151ddd030738390db8bbe9edeb65fe9225af3890
133,133_Franz_Schubert_Schwanengesang_No_4_St_ndchen.mxl,f094cb4601b9c786509ea95b892be739cbf3bc2e2f4542c51951a3bf5ab520c2
134,134_Franz_Schubert_Schwanengesang_D_957_5_Aufenthalt.mxl,ba2b2bfc729e71054cf90d37778a98c6e0c60ca75b2f440e9e7c71c6ea1c3d7f
135,135_Franz_Schubert_Schwanengesang_No_6_In_der_Ferne.mxl,758f895cc26606c0163516f01848767df94d9fb29b6eeedebb4c40530e544908
136,136_Franz_Schubert_Schwanengesang_D_957_7_Abschied.mxl,d4944940ef1c05671b8d2a0122b2ce67159cf2e9d9b7a16d4f2389fa431182da
137,137_Franz_Schubert_Schwanengesang_No_8_Der_Atlas.mxl,9bc1ce454beb86830be49bbe2b58946d0a4beb8e01d0b438479216e2637cc292
138,138_Franz_Schubert_Schwanengesang_No_9_Ihr_Bild.mxl,54bc48a30d547b54c7d13f24483b6145a43df92b03f87838559850918c2222c8
139,139_Franz_Schubert_Schwanengesang_D_957_No_10_Das_Fischerm_dchen.mxl,2d262064c2655683f1955b50d91bb6e5920d0642f6cff58b9781bb76a4745c48
140,140_Franz_Schubert_Schwanengesang_No_11_Die_Stadt.mxl,0f4cc982a1f5539e7d4eb0f448c6a513d87e776c96a39f6c88d06c76d5c521af
141,141_Franz_Schubert_Schwanengesang_D_957_12_Am_Meer.mxl,68e0e8de6f8e96dc089569b716bd45c71753b5c600cd2ca2cf76ee78c9e60009
142,142_Franz_Schubert_Schwanengesang_D_957_13_Der_Doppelg_nger.mxl,8caecde446aa20853d57fdcc9ce21d9f8f3796e6d3a4177bd2fe8e3732f86125
143,143_Franz_Schubert_Schwanengesang_No_14_Die_Taubenpost.mxl,8028afd5ad14f872072f994ef3762ecccf3f3095036568a8e405a143e91cc169
144,144_Franz_Schubert_Winterreise_D_911_1_Gute_Nacht.mxl,c1ca4097a3d8aa8836fb9e097058179001463fc19a1d280570364fcf5e6ba563
145,145_Franz_Schubert_Winterreise_D_911_2_Die_Wetterfahne.mxl,11aa24c1f06e371bdb6f580b49d104ad8c57f4218b54828d566837ccc0f753d7
146,146_Franz_Schubert_Winterreise_D_911_3_Gefrorne_Traenen.mxl,9bf993c4a8ecb53e67bff076c4c5bdaa56a97223159f1704f9b3ac9f8aa356f1
147,147_Franz_Schubert_Winterreise_D_911_4_Erstarrung.mxl,61479cbae30a0889fc6eab15e75f6b797e868702bfdd619e5e7a87d68ceab6b7
148,148_Franz_Schubert_Winterreise_D_911_5_Der_Lindenbaum.mxl,2e34c59329cc421b32efcc9d834ebdcca038486ad5fe5b21a324135d69e90ddb
149,149_Franz_Schubert_Winterreise_D_911_6_Wasserfluth.mxl,2069aedf247210f5574bb05b8768e9b48b15b52a4921d2de266d92fe54ced1a1
150,150_Franz_Schubert_Winterreise_D_911_7_Auf_dem_Flusse.mxl,1eea1a1ec558c06785198bd2f1477d5d6019608d311aa36168889216955faaea
151,151_Franz_Schubert_Winterreise_D_911_8_R_ckblick.mxl,bafb0a1fc589ebb356d26ee25d53634c7cd03669fe211d9897a3d542de65967f
152,152_Franz_Schubert_Winterreise_D_911_9_Irrlicht.mxl,a5f289125c374d851c27aed2633fd7855b5d0036632ca781141c095eefb3f881
153,153_Franz_Schubert_Winterreise_D_911_10_Rast.mxl,22b51282684871ca46294f2b2bcc1c27b257f345294bd46d4ea13b23d2b890cf
154,154_Franz_Schubert_Winterreise_D_911_11_Fr_hlingstraum.mxl,888ceeee93e2f924428039db213d4678ba086e00791845c6e7b442a419d820b9
155,155_Franz_Schubert_Winterreise_D_911_12_Einsamkeit.mxl,84e4606b5b116e2aa1970f8feaf1804d3477e52979077ec15e76e04b00dd8e66
156,156_Franz_Schubert_Winterreise_D_911_13_Die_Post.mxl,d365d75b3d1d9b454a0c4665ac8090f057ba7e5bad7db48fa046da93ebc7dfc5
157,157_Franz_Schubert_Winterreise_D_911_14_Der_greise_Kopf.mxl,f27d79de57fd9b10b04636eadfd30baf0cc7ba423a3f6a2178d2476ee72cb2f1
158,158_Franz_Schubert_Winterreise_D_911_15_Die_Kr_he.mxl,6a760a6a085b8cdbc2f7ed570a5797dbdd604c417bc9ba253c0302f77b2651c4
159,159_Franz_Schubert_Winterreise_D_911_16_Letzte_Hoffnung.mxl,382de693e36a2caa2eb8773675945a802e34716c9e61072a9591535588c520bb
160,160_Franz_Schubert_Winterreise_D_911_17_Im_Dorfe.mxl,28b202863dd7dcf77d742f8a111bca607421da8ee042f613ba0c78ee2c8e6c58
161,161_Franz_Schubert_Winterreise_D_911_18_Der_st_rmische_Morgen.mxl,5eee6eea8ddf421d91f82bbb0bfc52d28d45757ce7aea4082e7890b21b232e58
162,162_Franz_Schubert_Winterreise_D_911_19_T_uschung.mxl,e860ed7cf5fd671240f1ab08e66ecf23a2409a926cbff6f263898353051faed5
163,163_Franz_Schubert_Winterreise_D_911_20_Der_Wegweiser.mxl,4ee617cc9ac140e0d41416844e323e7a1684ffbb51b149eb3ebbc6d04cd19940
164,164_Franz_Schubert_Winterreise_D_911_21_Das_Wirtshaus.mxl,033323aec47e010f7024735168560d8a282a51b0ee1d124a313aa82873390fff
165,165_Franz_Schubert_Winterreise_D_911_22_Muth.mxl,887be6cb41b5f3d4290de4de421a677d9fdd203e49e767fbb757e6e0a71c0e42
166,166_Franz_Schubert_Winterreise_D_911_23_Die_Nebensonnen.mxl,311231225e0c33461bf86d87fa46c6788b31b28c4d677592caf28933552c9884
167,167_Franz_Schubert_Winterreise_D_911_24_Der_Leiermann.mxl,22f9665b3e1844620e126e1be91b54fe6377c5dde6aeb4d39f8ab42b6f396732
168,168_Clara_Schumann_6_Lieder_Op_13_No_1_Ich_stand_in_dunklen_Tr_umen.mxl,8a0c5f93aa1aa50c1c9b04f9e36a3a28c93ed60500575edb8d2e7b95aacff63c
169,169_Clara_Schumann_6_Lieder_Op_13_No_2_Sie_liebten_sich_beide.mxl,ed4fb377bf7d62ac0c23e958f426dbd5a7601b01c48f7ad342cdc9f610604f6b
170,170_Clara_Schumann_6_Lieder_Op_13_No_3_Liebeszauber.mxl,c51c42a5eee0b00d1c44d4a1242c7e5b4cbaabc4cb16a47058963eb1567d6d48
171,171_Clara_Schumann_6_Lieder_Op_13_No_4_Der_Mond_kommt_still_gegangen.mxl,fd227e800117c852dd0b5d5a981939487e82063a9ba794c882208c380dccbe1d
172,172_Clara_Schumann_6_Lieder_Op_13_6_Die_stille_Lotosblume.mxl,b54c1d64f33946a2170a88f27977d51346e6888d00471d766cf1a8c18b2978b7
173,173_Clara_Schumann_6_Lieder_Op_23_No_4_Auf_einem_gr_nen_H_gel.mxl,7ddad682c4ada79518498142d0145e82c0873843a77652352fc464c3c0963aed
174,174_Clara_Schumann_Die_gute_Nacht_die_ich_dir_sage.mxl,e300506f6ca0c9964dabd55f445a69d1ff34733ebbafd06841b21b997ca0dbc3
175,175_Clara_Schumann_Lieder_Op_12_No_4_Liebst_du_um_Sch_nheit.mxl,65d3d1f8ca2d00237d6760fe99843937c79934438678ea4dd2a7d52072c24151
176,176_Robert_Schumann_5_Lieder_und_Ges_nge_Op_127_No_2_Dein_Angesicht.mxl,4e17db51b5469cf7bb65b74d975a415fd60754baddeba7bc682f0b050e3b0d10
177,177_Robert_Schumann_Dichterliebe_Op_48_No_1_Im_wundersch_nen_Monat_M.mxl,b3bc41d71b8efd5a0ee02d3c2c884576f03d6d781cdd2e4efd0a3ab0ccd59469
178,178_Robert_Schumann_Dichterliebe_Op_48_No_2_Aus_meinen_Tr_nen_spries.mxl,1bbc54be4f2776910a1cf4e3b316b3f51270268f5ce208f31b71a099318a9728
179,179_Robert_Schumann_Dichterliebe_Op_48_No_3_Die_Rose_die_Lilie_die_T.mxl,96344d30e86e3982fd1b5b49efc8d47a4727a2f1983035c1216c368890b705b1
180,180_Robert_Schumann_Dichterliebe_Op_48_No_4_Wenn_ich_in_deine_Augen_.mxl,cfcccab74f2a7b518e6f6a6f8e7250f29817b8d786ecb3476c7d983dc1053938
181,181_Robert_Schumann_Dichterliebe_Op_48_No_5_Ich_will_meine_Seele_tau.mxl,dbf710d673c2f4ef8de24634c176f64ba495da9eff4602c061989021456366bf
182,182_Robert_Schumann_Dichterliebe_Op_48_6_Im_Rhein_im_heiligen_Strome.mxl,5d74d31c36d59a103a809d9666d6a5dfb3064e58c9a91efff98c56f31fe229d4
183,183_Robert_Schumann_Dichterliebe_Op_48_7_Ich_grolle_nicht.mxl,8df9361fb910cd534e573db2455420bf3d3a78f4f9a2df00289e97d10727a067
184,184_Robert_Schumann_Dichterliebe_Op_48_No_8_Und_w_ssten_s_die_Blumen.mxl,3815936ac06f1dc2ce7ad2d6dd7a924bdf34e5e44d586ffcd8338c28f803134e
185,185_Robert_Schumann_Dichterliebe_Op_48_9_Das_ist_ein_Fl_ten_und_Geig.mxl,9e5da2e91a9e7a7228c37b8be351b8ab53b76593ec1b09c3668639690ca0b1b0
186,186_Robert_Schumann_Dichterliebe_Op_48_No_10_H_r_ich_das_Liedchen_kl.mxl,e63940b14110f92fa64e2e1b6b3d29ebb658567538ba67ba6513d055bd98ff81
187,187_Robert_Schumann_Dichterliebe_Op_48_No_11_Ein_J_ngling_liebt_ein_.mxl,6c236d58ceb3dd0e269fc7585785c937e1656c2991fd3354c6837b16e3363402
188,188_Robert_Schumann_Dichterliebe_Op_48_No_12_Am_leuchtenden_Sommermo.mxl,5f095e090ded614226a196f9eef9efe9d2815bb4b7a3db3e118b8e7cc4383a2f
189,189_Robert_Schumann_Dichterliebe_Op_48_No_13_Ich_hab_im_Traum_gewein.mxl,db7877d09b8f8c281d375feec0f1aaa7ad6f5d8f428fe69ed361c24d01886717
190,190_Robert_Schumann_Dichterliebe_Op_48_14_Alln_chtlich_im_Traume.mxl,1e3ab4f0a191bb3a8ac77885a9ee79c8f8b4b2c65c6e8af2b93eac17a448084c
191,191_Robert_Schumann_Dichterliebe_Op_48_No_15_Aus_alten_M_rchen.mxl,c60ce75281047eca8a7366ec9cf25875e816f0097cca2c17cbd55b7c2ab36b2f
192,192_Robert_Schumann_Dichterliebe_Op_48_No_16_Die_alten_b_sen_Lieder.mxl,b7cbb99f16b325474a050cfe65b2e85836f3b33cc7b3c25030016f3d64fd7ab1
193,193_Robert_Schumann_Frauenliebe_und_Leben_Op_42_1_Seit_ich_ihn_geseh.mxl,690755fba20e0139822042ef0e7073f813e3bf9a50fd4d78196f050a327c8020
194,194_Robert_Schumann_Frauenliebe_und_Leben_3_Ich_kann_s_nicht_fassen_.mxl,e1e17652e0ee9341886b4d3aa2641b5ba1319e4c2fc28d9649a8792f3a1c24fc
195,195_Robert_Schumann_Myrthen_Op_25_No_16_R_tsel.mxl,1fc922b513296988cce76b2f74835858a71b09b2ffc9208e58fa4b18268950ba
196,196_Pauline_Viardot_6_M_lodies_VWV_1133_1137_1176_No_4_S_r_nade_Rosi.mxl,10a9d6bafea41b9715b2019f91985e0d01ded440fb57c9aa3b5e2d1d95d4eae3
197,197_Maude_Val_rie_White_3_Little_Songs_No_1_When_the_Swallows_Homewa.mxl,3102e62dbe9644f6e647ecf76d74b848f780451bd471d5b532ca0b74614e9bd1
198,198_Maude_Val_rie_White_3_Little_Songs_No_2_A_Memory.mxl,ee52a1499c32dd57ca3fdefdccd8032baee37c42041da0ef289f5f094a8f4945
199,199_Hugo_Wolf_Eichendorff_Lieder_No_4_Das_St_ndchen.mxl,f25b3a2465945567c6917b9dfb1054c10d370c663471d51c91428e31bbcf895d
200,200_Hugo_Wolf_Eichendorff_Lieder_No_8_Nachtzauber.mxl,388d74af62459cb096bf7b9cb0c7127b817d7e832a8dff440a6ed800ee51f540
201,201_Hugo_Wolf_Eichendorff_Lieder_13_Der_Scholar.mxl,afd5f8ba1ed8f711d01a15a11533d98b0912a7f84c67d37f01dd5d69bf133be9
202,202_Hugo_Wolf_Eichendorff_Lieder_No_14_Der_verzweifelte_Liebhaber.mxl,fbda5822d9a7c36dd95639051417e5996d82fffef3df35e155c73383b61e9851
203,203_Hugo_Wolf_Eichendorff_Lieder_15_Unfall.mxl,cf67fa83b31cbc34e6e039006d8e4e80f6e8d33d756b86176ec6ff2a98193ff1
204,204_Hugo_Wolf_Eichendorff_Lieder_No_19_Die_Nacht.mxl,90ba5fdd995af2b5117c5f5a4ecee741ba21cb233775e937362d89eb4e3cbc3c
205,205_Hugo_Wolf_Eichendorff_Lieder_No_20_Waldm_dchen.mxl,546100665ec649767ae6c5f9d82fcc87cf210eed00afce1abba7d0715694b019
206,206_Emilie_Zumsteeg_6_Lieder_Op_4_No_1_Die_Kapelle.mxl,0f8293bdb58ea235bf2f05bd36c53c46f4c4c63c1c429c491d3c22ffda6884c3
207,207_Haydn_Symphony_104_Movement_1.mxl,a9f82e3e7d25b03983142fd8b85447dee8190b3c9aa07245baf0f4da94eccb9e
208,208_Mozart_Wolfgang_Amadeus_K279_1.mxl,a82cef20389e2a3509510a1a2ef123f8d77f064477180b1230998a88f05ef4ca
209,209_Mozart_Wolfgang_Amadeus_K279_2.mxl,5fe046994cd86498a7855ddc816d7067e32444a0564927ae3544045271f430ea
210,210_Mozart_Wolfgang_Amadeus_K279_3.mxl,c7aed0ae66d600e96e79fa8b9f5cb68d1be29eb17132ae0a65cc33a1986a250f
211,211_Mozart_Wolfgang_Amadeus_K280_1.mxl,beee5adbc7e62950773efe96888f0400e1aae11a5a2d7271b3961aa540384227
212,212_Mozart_Wolfgang_Amadeus_K280_2.mxl,7b612ebea98e8d4f5dd68e6a28aebac9f94493bfceab072788ac7bd778ec8fe8
213,213_Mozart_Wolfgang_Amadeus_K280_3.mxl,6acff3811c7ec6073d47181de44fff090f4387776a8546af1035c7bd3d41bb06
214,214_Mozart_Wolfgang_Amadeus_K281_1.mxl,d00f02a3c319defe00ad8bbb30fe8bb488df18f90528e99f177f35ac98140a92
215,215_Mozart_Wolfgang_Amadeus_K281_2.mxl,0de671acbf7777bccfb6cbb83040c216e6da2740fbfde058c9e8899b16d7d550
216,216_Mozart_Wolfgang_Amadeus_K281_3.mxl,e1b655fc114331cc03130944928a12cadbc58c55a019cf2e7c9c40c480456f29
217,217_Mozart_Wolfgang_Amadeus_K282_1.mxl,70b297578467eb84333179d06f5cccfc688822b2854944ebf57ca1fd77439ebc
218,218_Mozart_Wolfgang_Amadeus_K282_2.mxl,e4e256b67be398b01ff27c893acbea45085d3dd4e3b9f109ff6dc11e1a500218
219,219_Mozart_Wolfgang_Amadeus_K282_3.mxl,e6b50efc364dfead1756bf438becd3ec6664eb5e50223c7d3f124656e2bcd36a
220,220_Mozart_Wolfgang_Amadeus_K283_1.mxl,6c946d451a19e46b3ccdaa17f5e21416b9efc6ced998c7d016ecdd22c56d2738
221,221_Mozart_Wolfgang_Amadeus_K283_2.mxl,c9a6a39afb16addde9a0dd6a7ed8b823dbbd7ffaa434f0a37fd6c4244aa16a58
222,222_Mozart_Wolfgang_Amadeus_K283_3.mxl,da435bbd05f64549b56322e089c28c8fae4cb4d7906938ff72a7e9a25b177b1c
223,223_Mozart_Wolfgang_Amadeus_K284_1.mxl,bf0e24a6fad33358ae09eaeab469c50497504fff37158e1510f5ae20667df850
224,224_Mozart_Wolfgang_Amadeus_K284_2.mxl,217364bc49bf4b87686532f5455eebd8d7e806a0f79f346f235f98f32aee8219
225,225_Mozart_Wolfgang_Amadeus_K284_3.mxl,ea43c70d62a5ff7fae601a00197fb230b9c78566644c6bfe1eb91625e9206cf8
226,226_Mozart_Wolfgang_Amadeus_K309_1.mxl,11b77c4c8b3eaeebcc087c6037a69636f0cd72c796547ecde278c99e0b15ef49
227,227_Mozart_Wolfgang_Amadeus_K309_2.mxl,69fc49cd5559c922f99534ee7a3c4e56776d3e862362eea7db2734687bd29d4c
228,228_Mozart_Wolfgang_Amadeus_K309_3.mxl,58300246d12a7df99f25920a2d29b071f9e7eb424a04fdd0d3a0ca8d1dfc4207
229,229_Mozart_Wolfgang_Amadeus_K310_1.mxl,98505b8c53776aa6e709ea92d14ec88916b5b702775a0b8947c9052f085bf663
230,230_Mozart_Wolfgang_Amadeus_K310_2.mxl,4a98c90411c6fc62798aac38a16937e19161e70cae1c91d0fa138fcda1339940
231,231_Mozart_Wolfgang_Amadeus_K310_3.mxl,b555f74f3512510e2f61fb2e436bae70d143a59224bc3d02259121ad4489343a
232,232_Mozart_Wolfgang_Amadeus_K311_1.mxl,5ce3bd0633a2ef0d7701e83826eed25a02c7cd5369ebbdc1f8f35c9c5c65fb8f
233,233_Mozart_Wolfgang_Amadeus_K311_2.mxl,62dbd6b4f162eb5c8e497a7fceb6316199803685577165938c833a069631a0ef
234,234_Mozart_Wolfgang_Amadeus_K311_3.mxl,0e7cc1d4d35f24064f9a3ad8ba367e163de30600d49e6db02004809ff020cf2b
235,235_Mozart_Wolfgang_Amadeus_K330_1.mxl,08e5a9b35bfa7e09313ef24e214a1abbaf13255dbc842b6f50ddf73becf1b3d7
236,236_Mozart_Wolfgang_Amadeus_K330_2.mxl,2e206d96acf1747e87f88fce13ca73da62572db8d72936ae56309b2b3e0beda1
237,237_Mozart_Wolfgang_Amadeus_K330_3.mxl,50c425e0fd272c3efb07a96170c71a776aa69297162f93ce6d476cca4a2db2b7
238,238_Mozart_Wolfgang_Amadeus_K331_1.mxl,abea041a569b3e4e98151dc3ee47606a1e9e3de26497e50164d6480cfbfe1c44
239,239_Mozart_Wolfgang_Amadeus_K331_2.mxl,eb6b6bf5c0cfacde0b107b0d0995fd29cefa47918dcde68ec5cd16cea6264f54
240,240_Mozart_Wolfgang_Amadeus_K331_3.mxl,879fe9145eb120584d44b0f974edd7abaf328c1b475d7e9224a874f561b944a2
241,241_Mozart_Wolfgang_Amadeus_K332_1.mxl,b3fe49737f564feb19fdeba06cf65927bc369d6704dc7823511a7731c93017ed
242,242_Mozart_Wolfgang_Amadeus_K332_2.mxl,05a780ee3ecfcc5bff83ea92ee9ab51eb6df6fa75e5fb79ddd310fbe51ed5077
243,243_Mozart_Wolfgang_Amadeus_K332_3.mxl,40960bc3b0a937b5cb2d08316e9b859170004d95fff87866085afa008bd2e022
244,244_Mozart_Wolfgang_Amadeus_K333_1.mxl,bbc85aae66ce4db6f359ac8d204dd710f1eab0f2d041811e0370f4f53ee8a94a
245,245_Mozart_Wolfgang_Amadeus_K333_2.mxl,ea4f005df2519e7dd778c82adc871f34b18cfeac2b3ac74b1bfcb0ddca24b4b0
246,246_Mozart_Wolfgang_Amadeus_K333_3.mxl,5530803c66992e02e791cc11f03fef33ce6f59409d8f0ad93f4eb7494b3994de
247,247_Mozart_Wolfgang_Amadeus_K457_1.mxl,4761b150def9f1dbc2792d4c70d81ecfca22fc2facab6078bff87f672b3af801
248,248_Mozart_Wolfgang_Amadeus_K457_2.mxl,af26eb279d3b9e1c25e37a30de72ed571caea27774829b83368eb95eea55598b
249,249_Mozart_Wolfgang_Amadeus_K457_3.mxl,0f3eb7bc196eba0fc5d42fb6c23e4cfbb892cfa3874ca25a41494a44d09c5f8b
250,250_Mozart_Wolfgang_Amadeus_K533_1.mxl,9655764312d850c7bff5ab344be2e3f23c889349dab0227c888ecd686d866c91
251,251_Mozart_Wolfgang_Amadeus_K533_2.mxl,3b1bd15e9cba788a3d87d2c25cd036e4c86bf08aef05d5cc97b0e52d34559a4f
252,252_Mozart_Wolfgang_Amadeus_K533_3.mxl,8201f8eb2916e99b799bc43e3da824b9417f8b055ecece15406e1e41681d15ad
253,253_Mozart_Wolfgang_Amadeus_K545_1.mxl,cb60569e7752d436dbcb93ad2a6dd1f26a3e1d9b65f2ddfd9531edae2501773e
254,254_Mozart_Wolfgang_Amadeus_K545_2.mxl,4a425c8c257656518028d32949fce334f55eb646f9636dd0155c7d56431677a6
255,255_Mozart_Wolfgang_Amadeus_K545_3.mxl,67d018cd468388cebcc86f69953203b729e864a15fad4587e6cec9956672ecd2
256,256_Mozart_Wolfgang_Amadeus_K570_1.mxl,600b694401a5cbdb275d0615df0b64ff4750242bc0999b265cf4aeb20c6a20c1
257,257_Mozart_Wolfgang_Amadeus_K570_2.mxl,a39f19e3282fc166148a46ccea62e68f8d53eb7794c69565de36e36ccd170ef0
258,258_Mozart_Wolfgang_Amadeus_K570_3.mxl,7e65a083a2d93e4d5c7a290842ca03cceebefcf4ebc4426f7314522e8e672b7e
259,259_Mozart_Wolfgang_Amadeus_K576_1.mxl,2671c725ad55b0763b2dc47754d184025a97a8af47548e3baaf898c2419a19a5
260,260_Mozart_Wolfgang_Amadeus_K576_2.mxl,5cd267b1664800aac7f8013b1b00970e52af9f7004e8856623523f8c6b6afba9
261,261_Mozart_Wolfgang_Amadeus_K576_3.mxl,071469ececccdd5f52e3837433c0d62d1c68916ef53a7d85d42ba875b4f6b4ec
262,262_Beethoven_Ludwig_van_n01op18_1_01.mxl,40a61973ce6566414a60aa4a3a885da2c20be56b494570463036608280b7d8ba
263,263_Beethoven_Ludwig_van_n01op18_1_02.mxl,677a7f039f9af9e6d45340c90ad8509a36f194139a681aa2f2b8a38684960682
264,264_Beethoven_Ludwig_van_n01op18_1_03.mxl,ba839b5e55e134815cd113aed80bc9e7e8c9d6131b1a8a10b2aa0547d52dd5c3
265,265_Beethoven_Ludwig_van_n01op18_1_04.mxl,fd305e8a85da97f428fbeeeb65c5d68f869d1932451ed01ad49ab82bc0415e11
266,266_Beethoven_Ludwig_van_n02op18_2_01.mxl,245706a57b456b1713de731e0bfa9718518d5f1d57f3bda29866103538a91a4d
267,267_Beethoven_Ludwig_van_n02op18_2_02.mxl,0a708af9fb5a7cde5c8b42bc261bc953ef98b6d8c657e9886793b2678fd68773
268,268_Beethoven_Ludwig_van_n02op18_2_03.mxl,cb6e3a8eb51073e195990e3d724184354e159d27998eaa318efd0e3889762a2d
269,269_Beethoven_Ludwig_van_n02op18_2_04.mxl,50d7a5f43ab235cce5d3b7c773a9dfe2b49a0ef5caa614982dc41a68f3e029f0
270,270_Beethoven_Ludwig_van_n03op18_3_01.mxl,71a26badfbc6508c88181b61af476b2676cfd2d15ab134afa1d8e7cf3ca8a9ab
271,271_Beethoven_Ludwig_van_n03op18_3_02.mxl,8ffd9f1107a13cb701ea76a50db1ff902dbef93cf0e12a53f94ca7242e83cb86
272,272_Beethoven_Ludwig_van_n03op18_3_03.mxl,c87e27e40d7bce676143085f528d97573482023854b1a25d2e72da75052daeed
273,273_Beethoven_Ludwig_van_n03op18_3_04.mxl,043f82cf9c6d974955792d153535a6af21891391b98bcdaed923a4e6a28e2206
274,274_Beethoven_Ludwig_van_n04op18_4_01.mxl,fa6945212760010c790237f443fd5e86d8038a92f0149db4d62bc4603adf917c
275,275_Beethoven_Ludwig_van_n04op18_4_02.mxl,103254acc1d0f530d240ff58a1b9931e158acaa4052ceb44b91db7e613cf17b3
276,276_Beethoven_Ludwig_van_n04op18_4_03.mxl,2cac33cfc9b607a40a1291910946bdfda4d589700d650a10c4f8e300ee947992
277,277_Beethoven_Ludwig_van_n04op18_4_04.mxl,fe385aef692ca5525f8e212bf91d88376dae47de9ec9f4d3ab0e8cd8ff65745d
278,278_Beethoven_Ludwig_van_n05op18_5_01.mxl,df7ced968577e2cba8d44322285cb7403147072b622bf88831fc2d0dd314d91c
279,279_Beethoven_Ludwig_van_n05op18_5_02.mxl,6262df61298b27073a8b4d473ca63cc643b70eff76b3468602069e8d53c4740c
280,280_Beethoven_Ludwig_van_n05op18_5_03.mxl,745fdf582dc31d0cf89dfaef04017ec2bc8b07f04d319bfd7fc74284f35fe9fb
281,281_Beethoven_Ludwig_van_n05op18_5_04.mxl,97627e927542d55441d0e8092fbfd2382f2728b93b29f43f1fabd02765d503ac
282,282_Beethoven_Ludwig_van_n06op18_6_01.mxl,3e2b3243ebfb0863673b9957625b5e998503841062ceadf8a7f605cdb94b74b8
283,283_Beethoven_Ludwig_van_n06op18_6_02.mxl,0f390185c027cbe34ad81de80ae1f0fcfb73d00f9f469c62868c801910d110b9
284,284_Beethoven_Ludwig_van_n06op18_6_03.mxl,b0a3a8adb1b0e399ea4c685580e47342f924ae57b579a5913f23fffd6a2baed1
285,285_Beethoven_Ludwig_van_n06op18_6_04.mxl,162d22842823b68095d9d8c13776405d4cdc8086931569fe26ab154ed375af84
286,286_Beethoven_Ludwig_van_n07op59_1_01.mxl,748ae7bcaf29a18b2b6189ca41b07a7c9644834a6d478f6bdcd8e379c29375fb
287,287_Beethoven_Ludwig_van_n07op59_1_02.mxl,d5ef7a243739297dced4d21a896806657784dc5be5a7e07b49011b0ed4c951bc
288,288_Beethoven_Ludwig_van_n07op59_1_03.mxl,e27b563b2e3afb7400107a11e05c92460ebf12f92ec0795e49570d7c952ee076
289,289_Beethoven_Ludwig_van_n07op59_1_04.mxl,bf1caa430728571b6a3770d3ee72c3d7cf87c86d884ea70268bfb77643fcef22
290,290_Beethoven_Ludwig_van_n08op59_2_01.mxl,0cd899778a5ddf3bb58a7c1becf14cd707f32eb64a9309ae4a92befa1e9870d9
291,291_Beethoven_Ludwig_van_n08op59_2_02.mxl,48c0cf815e9d921528564bdf63564e29e39b343a59d78fa334e46fdcfa40876b
292,292_Beethoven_Ludwig_van_n08op59_2_03.mxl,35731091e0204d3f81a4f96a698eed4a304feaf4b6bd6218acf7117a044aa1d3
293,293_Beethoven_Ludwig_van_n08op59_2_04.mxl,7b1a1052f1d3d1cecd3628d540425f3d54317760ef2441ffa46f099042e32724
294,294_Beethoven_Ludwig_van_n09op59_3_01.mxl,7f560dab518af3632b7046a870302c4cb92aae21bdb8709d934b202c2565445d
295,295_Beethoven_Ludwig_van_n09op59_3_02.mxl,7d4beae1f067d630fa3c9ce1227427f1f28810d3faf4b1035e80be75539b3fc1
296,296_Beethoven_Ludwig_van_n09op59_3_03.mxl,97cec7b6a8d700a725fc514822840103dbc44192b2789e157a8c9af1e5d1dff9
297,297_Beethoven_Ludwig_van_n09op59_3_04.mxl,4df764f85137bb0199a863a3ec6a26d97b4c2d9f461facabdcab9758088bdb84
298,298_Beethoven_Ludwig_van_n10op74_01.mxl,6b92749fbe41e4bfdb8ef83545c9e3198614300c4616eab2adfe9bdaa7d39c8a
299,299_Beethoven_Ludwig_van_n10op74_02.mxl,aebde1ba36674057e1b526f0c1ca51e989826debefc322e52ee5174d28f2d55b
300,300_Beethoven_Ludwig_van_n10op74_03.mxl,7c78eacbd081b93378c9d983b35c033496610f734ba59e77b396ab8f2c023ec5
301,301_Beethoven_Ludwig_van_n10op74_04.mxl,c869d132aa688a68b0f9b4298271f5a13823d47b6306a119cb158ccb2528644e
302,302_Beethoven_Ludwig_van_n11op95_01.mxl,cd69d1ad4f8f903cfceb618212887b70038ffd26fc56ea7f375408cff5724d08
303,303_Beethoven_Ludwig_van_n11op95_02.mxl,1bf75e1b04e0696b4685c19ac1566d74b609479123d13b57d5448ed744202c12
304,304_Beethoven_Ludwig_van_n11op95_03.mxl,48ae5fba848fc1f05ab256082641e0780869818522575820b87f46a789eb1f5d
305,305_Beethoven_Ludwig_van_n11op95_04.mxl,cfa807c6991a83fc59abf0a33d678fa1902d3d59bbaea3df7207f20ac9f4abfd
306,306_Beethoven_Ludwig_van_n12op127_01.mxl,94eba93b619c086452b21a1e5bdcb8effaff2bc221bdaa61b5700a0c0c7fa51f
307,307_Beethoven_Ludwig_van_n12op127_02.mxl,8fd477c67d459a33f57635367b036d0ceffe20b86d76ca20bf7e3845e9302a0e
308,308_Beethoven_Ludwig_van_n12op127_03.mxl,159ea414d4b4a1f81fb1b6c31dac373e0b4d010ca5ae18be41f059918dd37351
309,309_Beethoven_Ludwig_van_n12op127_04.mxl,60530d0505a3c6b5e51dbb5ecc61fc556db25d142d15de777f9fc4c50c0ef8b6
310,310_Beethoven_Ludwig_van_n13op130_01.mxl,21a08c72ec37a171769ae64173640b3fb5e55c5692e8476b3c354c973cb5f8db
311,311_Beethoven_Ludwig_van_n13op130_02.mxl,8da2b9a144bb75bdc347b07bcf0dbbc517ebe6d5f33ea1c55c1227c380b9431b
312,312_Beethoven_Ludwig_van_n13op130_03.mxl,d2b3c2aae34e55f5364ce6c09cb707f4bbc1174572fadb820e652ae3bc34fa73
313,313_Beethoven_Ludwig_van_n13op130_04.mxl,72fb99f245722b1b525bc35352db7f2f495a9f34ba329820fe41b9784deb7b2c
314,314_Beethoven_Ludwig_van_n13op130_05.mxl,95f5f2e8b1143bb3fb2091874eb30bd5086f9ce49aea90113ec0b4b8374f9c41
315,315_Beethoven_Ludwig_van_n13op130_06.mxl,b3cd7973903c9bc376e6a46b7e532af6fee4ff5d0e2b1c190f624d5b30727b30
316,316_Beethoven_Ludwig_van_n14op131_01.mxl,3ef14e0de71258e75b224ecb30e614a785a1cd43c7de064766a8d2b81f011f34
317,317_Beethoven_Ludwig_van_n14op131_02.mxl,b5070256e0541dff4a58cbe7aa7ebc0caba517348372a218c3389c0ece012e20
318,318_Beethoven_Ludwig_van_n14op131_03.mxl,c1e7576e163f0cd08dec5803d8af2414d7c767894f39b82ec75eea579ecb7bc3
319,319_Beethoven_Ludwig_van_n14op131_04.mxl,dd1c1f792d115951b921e5e6677f7041f6b6850eae8d8693a493664e166bd36d
320,320_Beethoven_Ludwig_van_n14op131_05.mxl,7c1da2425d83617a46f5a530612ef732e2c5fd1311ed223b5bea7dd69eecae31
321,321_Beethoven_Ludwig_van_n14op131_06.mxl,a3e813cca8b42f9922b8660f980c67586c5b7cd4e112625dccbd75f78abaff1c
322,322_Beethoven_Ludwig_van_n14op131_07.mxl,fedf2813abe42e075156680653b99800fbacd1375d4ee63bf800c4982f9ff352
323,323_Beethoven_Ludwig_van_n15op132_01.mxl,d1c11b365d270fa767e26148a83ae2367f2911765e1329d4e04521c3c3838fb3
324,324_Beethoven_Ludwig_van_n15op132_02.mxl,628492df65573d673f2d35fe1044b7305f557cbfaa24cb71e52efc03fa92befc
325,325_Beethoven_Ludwig_van_n15op132_03.mxl,c93986b987bdd49539fdcc86e50093eb230f4353ae227fd0ddec5c43993ff51a
326,326_Beethoven_Ludwig_van_Quartet_Op_132_Movement_4.mxl,e48202a2defe5211841dc9dca5fa914786a4c3c06ee97f16676580f41714c54b
327,327_Beethoven_Ludwig_van_Quartet_Op_132_Movement_5.mxl,3fa4baf7b115f0492031aab4c2d036b32d754b6272f42d725098e9bc9fdec3eb
328,328_Beethoven_Ludwig_van_n16op135_01.mxl,799d0545e868c72f4f518d0d6d7f91596a91a0d5f71a6d27e7e8a4cc652ec3f1
329,329_Beethoven_Ludwig_van_n16op135_02.mxl,62ed4a7eca90ff70340ca9bdc104a4cfd334b600fd5e09164e3f5884cd166090
330,330_Beethoven_Ludwig_van_n16op135_03.mxl,72284fa203813da691bc475c2028cabbfc33df61fd9be7281dca765752826011
331,331_Beethoven_Ludwig_van_n16op135_04.mxl,ce5988ac0de3161ff853a517abaf052404ea4c5c850fc1c041a8daf840f69e93
332,332_Bach_Crucifixus_from_the_B_Minor_mass_BWV232.mxl,3b3171c86e95c5382f59b3468e57faaf5cb55245f1fc0884fe34f07381052fe9
333,333_J_S_Bach_Partita_No_2_BWV1004_No_5_Chaconne.mxl,ba8d15e9c974694f5ea12127f379e0b0ea09d37c8de541394c7be11aa4ced79d
334,334_Purcell_Chacony_Chaconne_in_G_Minor_Z730.mxl,c6b27133de0ddebcac0827fda1bf0dde76ecdfaadda3edad200857eb58fbc7f1
335,335_Purcell_Purcell_Sonata_in_G_Minor_Z807.mxl,793148b71ded02995e277cc0442be7fbc836b07142450f323294bc2dd7073f46
